{
  "version": "1.0",
  "last_cleanup_ts": 1771710449.3093617,
  "conversations": {
    "matidiazlife|340282366841710301244260106594148663699": {
      "seguimiento_actual": 1,
      "last_sent_ts": 1767911527.9602795,
      "last_eval_ts": 1767912328.2445874,
      "ultimo_contacto_ts": 0.0,
      "cerrado": false,
      "ultima_actualizacion_ts": 1767911527.9602795
    },
    "matidiazlife|340282366841710301244260106626071993840": {
      "seguimiento_actual": 1,
      "last_sent_ts": 1767911527.9602795,
      "last_eval_ts": 1767912328.2445874,
      "ultimo_contacto_ts": 0.0,
      "cerrado": false,
      "ultima_actualizacion_ts": 1767911527.9602795
    },
    "matidiazlife|340282366841710301244260106576285332152": {
      "seguimiento_actual": 1,
      "last_sent_ts": 1767927016.1630287,
      "last_eval_ts": 1767961062.9956264,
      "ultimo_contacto_ts": 0.0,
      "cerrado": false,
      "ultima_actualizacion_ts": 1767927016.1630287
    },
    "matidiazlife|340282366841710301244260106406182015829": {
      "seguimiento_actual": 1,
      "last_sent_ts": 1767928926.656402,
      "last_eval_ts": 1767961062.9956264,
      "ultimo_contacto_ts": 0.0,
      "cerrado": false,
      "ultima_actualizacion_ts": 1767928926.656402
    },
    "matidiazlife|340282366841710301244260106398248683289": {
      "seguimiento_actual": 1,
      "last_sent_ts": 1767930368.0410235,
      "last_eval_ts": 1767961062.9956264,
      "ultimo_contacto_ts": 0.0,
      "cerrado": false,
      "ultima_actualizacion_ts": 1767930368.0410235
    },
    "matidiazlife|340282366841710301244260106396965350084": {
      "seguimiento_actual": 1,
      "last_sent_ts": 1767930368.0410235,
      "last_eval_ts": 1767961062.9956264,
      "ultimo_contacto_ts": 0.0,
      "cerrado": false,
      "ultima_actualizacion_ts": 1767930368.0410235
    },
    "matidiazlife|340282366841710301244260106394012017046": {
      "seguimiento_actual": 1,
      "last_sent_ts": 1767930368.0410235,
      "last_eval_ts": 1767961062.9956264,
      "ultimo_contacto_ts": 0.0,
      "cerrado": false,
      "ultima_actualizacion_ts": 1767930368.0410235
    },
    "matidiazlife|340282366841710301244260106389102017537": {
      "seguimiento_actual": 1,
      "last_sent_ts": 1767930759.3015904,
      "last_eval_ts": 1767961062.9956264,
      "ultimo_contacto_ts": 0.0,
      "cerrado": false,
      "ultima_actualizacion_ts": 1767930759.3015904
    },
    "matidiazlife|340282366841710301244260106386048684509": {
      "seguimiento_actual": 1,
      "last_sent_ts": 1767930759.3015904,
      "last_eval_ts": 1767961062.9956264,
      "ultimo_contacto_ts": 0.0,
      "cerrado": false,
      "ultima_actualizacion_ts": 1767930759.3015904
    },
    "matidiazlife|340282366841710301244260106383078684806": {
      "seguimiento_actual": 1,
      "last_sent_ts": 1767959250.9703355,
      "last_eval_ts": 1767961416.30855,
      "ultimo_contacto_ts": 0.0,
      "cerrado": false,
      "ultima_actualizacion_ts": 1767959250.9703355
    },
    "matidiazlife|340282366841710301244260106377552018692": {
      "seguimiento_actual": 1,
      "last_sent_ts": 1767959250.9703355,
      "last_eval_ts": 1767961416.30855,
      "ultimo_contacto_ts": 0.0,
      "cerrado": false,
      "ultima_actualizacion_ts": 1767959250.9703355
    },
    "matidiazlife|340282366841710301244260072824655373982": {
      "seguimiento_actual": 1,
      "last_sent_ts": 1767958030.6598241,
      "last_eval_ts": 1767958030.6598241,
      "ultimo_contacto_ts": 0.0,
      "cerrado": false,
      "ultima_actualizacion_ts": 1767958030.6598241
    },
    "matidiazlife|340282366841710301244260111362028186911": {
      "seguimiento_actual": 1,
      "last_sent_ts": 1768524870.2359917,
      "last_eval_ts": 1768524870.2359917,
      "ultimo_contacto_ts": 0.0,
      "cerrado": false,
      "ultima_actualizacion_ts": 1768524870.2359917
    },
    "matidiazlife|340282366841710301244260111352231521224": {
      "seguimiento_actual": 1,
      "last_sent_ts": 1768524870.2359917,
      "last_eval_ts": 1768524870.2359917,
      "ultimo_contacto_ts": 0.0,
      "cerrado": false,
      "ultima_actualizacion_ts": 1768524870.2359917
    },
    "matidiazlife|340282366841710301244260111354041521043": {
      "seguimiento_actual": 1,
      "last_sent_ts": 1768524870.2359917,
      "last_eval_ts": 1768524870.2359917,
      "ultimo_contacto_ts": 0.0,
      "cerrado": false,
      "ultima_actualizacion_ts": 1768524870.2359917
    },
    "matidiazlife|340282366841710301244260111355628187551": {
      "seguimiento_actual": 0,
      "last_sent_ts": 0.0,
      "last_eval_ts": 1768524870.2359917,
      "ultimo_contacto_ts": 0.0,
      "cerrado": false,
      "ultima_actualizacion_ts": 1768524870.2359917
    },
    "matidiazlife|340282366841710301244260111357834853997": {
      "seguimiento_actual": 1,
      "last_sent_ts": 1768524870.2359917,
      "last_eval_ts": 1768524870.2359917,
      "ultimo_contacto_ts": 0.0,
      "cerrado": false,
      "ultima_actualizacion_ts": 1768524870.2359917
    },
    "tester|fu-1": {
      "seguimiento_actual": 1,
      "last_sent_ts": 1771773419.1431599,
      "last_eval_ts": 1771773419.1431599,
      "cycle_anchor_ts": 1771758899.1431599,
      "cycle_followup_count": 1,
      "cycle_last_sent_ts": 1771773419.1431599,
      "cycle_last_eval_ts": 1771773419.1431599,
      "etapa_negocio_actual": 0,
      "ultimo_contacto_ts": 1771773419.1431599,
      "cerrado": false,
      "ultima_actualizacion_ts": 1771773419.1431599
    },
    "tester|fu-2": {
      "seguimiento_actual": 1,
      "last_sent_ts": 1771773419.1431599,
      "last_eval_ts": 1771773419.1431599,
      "cycle_anchor_ts": 1771758899.232108,
      "cycle_followup_count": 1,
      "cycle_last_sent_ts": 1771773419.1431599,
      "cycle_last_eval_ts": 1771773419.1431599,
      "etapa_negocio_actual": 0,
      "ultimo_contacto_ts": 1771773419.1431599,
      "cerrado": false,
      "ultima_actualizacion_ts": 1771773419.1431599
    },
    "matiid.life1|104789137583521": {
      "seguimiento_actual": 0,
      "last_sent_ts": 0.0,
      "last_eval_ts": 1771598103.5709817,
      "cycle_anchor_ts": 1771425303.5709817,
      "cycle_followup_count": 0,
      "cycle_last_sent_ts": 0.0,
      "cycle_last_eval_ts": 1771598103.5709817,
      "etapa_negocio_actual": 0,
      "ultimo_contacto_ts": 0.0,
      "cerrado": false,
      "ultima_actualizacion_ts": 1771598103.5709817
    },
    "matiid.life1|107470890649750": {
      "seguimiento_actual": 0,
      "last_sent_ts": 0.0,
      "last_eval_ts": 1771598103.5709817,
      "cycle_anchor_ts": 1771425303.5709817,
      "cycle_followup_count": 0,
      "cycle_last_sent_ts": 0.0,
      "cycle_last_eval_ts": 1771598103.5709817,
      "etapa_negocio_actual": 0,
      "ultimo_contacto_ts": 0.0,
      "cerrado": false,
      "ultima_actualizacion_ts": 1771598103.5709817
    },
    "matiid.life1|17847770970578913": {
      "seguimiento_actual": 0,
      "last_sent_ts": 0.0,
      "last_eval_ts": 1771598103.5709817,
      "cycle_anchor_ts": 1771425303.5709817,
      "cycle_followup_count": 0,
      "cycle_last_sent_ts": 0.0,
      "cycle_last_eval_ts": 1771598103.5709817,
      "etapa_negocio_actual": 0,
      "ultimo_contacto_ts": 0.0,
      "cerrado": false,
      "ultima_actualizacion_ts": 1771598103.5709817
    },
    "matiid.life1|116332726424009": {
      "seguimiento_actual": 0,
      "last_sent_ts": 0.0,
      "last_eval_ts": 1771598103.5709817,
      "cycle_anchor_ts": 1771425303.5709817,
      "cycle_followup_count": 0,
      "cycle_last_sent_ts": 0.0,
      "cycle_last_eval_ts": 1771598103.5709817,
      "etapa_negocio_actual": 0,
      "ultimo_contacto_ts": 0.0,
      "cerrado": false,
      "ultima_actualizacion_ts": 1771598103.5709817
    },
    "matiid.life1|118735882848101": {
      "seguimiento_actual": 0,
      "last_sent_ts": 0.0,
      "last_eval_ts": 1771598103.5709817,
      "cycle_anchor_ts": 1771425303.5709817,
      "cycle_followup_count": 0,